environment	name	version	build	license	url	sha256	md5
base	asn1crypto	0.22.0	py36_0	MIT	https://repo.continuum.io/pkgs/free/linux-64/asn1crypto-0.22.0-py36_0.tar.bz2		e3cbd73d4a89916f4566aca89ac1d0f6
base	cffi	1.10.0	py36_0	MIT	https://repo.continuum.io/pkgs/free/linux-64/cffi-1.10.0-py36_0.tar.bz2		ec49a7e8e68d3264bd3ff853c312b149
base	conda	4.3.21	py36_0	BSD	https://repo.continuum.io/pkgs/free/linux-64/conda-4.3.21-py36_0.tar.bz2		0940e36a5dba1d8f027e8ff3e72fed47
base	conda-env	2.6.0	0	BSD	https://repo.continuum.io/pkgs/free/linux-64/conda-env-2.6.0-0.tar.bz2		2960d60b70d36823df7d9daea41decd0
base	cryptography	1.8.1	py36_0	Apache	https://repo.continuum.io/pkgs/free/linux-64/cryptography-1.8.1-py36_0.tar.bz2		df22c1437512cc8a56b93cd84654d577
base	idna	2.5	py36_0	BSD	https://repo.continuum.io/pkgs/free/linux-64/idna-2.5-py36_0.tar.bz2		0c07201feb2b9c6aa4bc005a28aa2718
base	libffi	3.2.1	1	MIT	https://repo.continuum.io/pkgs/free/linux-64/libffi-3.2.1-1.tar.bz2		b8297fc22fd5f713e619329001546adc
base	openssl	1.0.2l	0	Apache-style	https://repo.continuum.io/pkgs/free/linux-64/openssl-1.0.2l-0.tar.bz2		4b777ebd155103c6ca3c8abff32a95b6
base	packaging	16.8	py36_0	BSD or Apache 2.0	https://repo.continuum.io/pkgs/free/linux-64/packaging-16.8-py36_0.tar.bz2		65177a2702319a735b937d2cfa60b4c9
base	pip	9.0.1	py36_1	MIT	https://repo.continuum.io/pkgs/free/linux-64/pip-9.0.1-py36_1.tar.bz2		4c566eae8f908fee835e91c27d5e0b99
base	pycosat	0.6.2	py36_0	MIT	https://repo.continuum.io/pkgs/free/linux-64/pycosat-0.6.2-py36_0.tar.bz2		380d29123b8974a290768077e709e909
base	pycparser	2.17	py36_0	BSD	https://repo.continuum.io/pkgs/free/linux-64/pycparser-2.17-py36_0.tar.bz2		f69848bd9542977b8a965d0840810636
base	pyopenssl	17.0.0	py36_0	Apache Software License	https://repo.continuum.io/pkgs/free/linux-64/pyopenssl-17.0.0-py36_0.tar.bz2		cba50c3e400c858225cd9f13a15f8c6e
base	pyparsing	2.1.4	py36_0	MIT	https://repo.continuum.io/pkgs/free/linux-64/pyparsing-2.1.4-py36_0.tar.bz2		34b8ec2148c0e22bc8bf6ef3662f48e3
base	python	3.6.1	2	PSF	https://repo.continuum.io/pkgs/free/linux-64/python-3.6.1-2.tar.bz2		1fc5e7275890638afd3936ae06c7803a
base	readline	6.2	2		https://repo.continuum.io/pkgs/free/linux-64/readline-6.2-2.tar.bz2		d050607fb2934282470d06872e0e6cce
base	requests	2.14.2	py36_0	Apache Software License	https://repo.continuum.io/pkgs/free/linux-64/requests-2.14.2-py36_0.tar.bz2		e0b50f08eed26641e8d5613c4a3f14f0
base	ruamel_yaml	0.11.14	py36_1	MIT	https://repo.continuum.io/pkgs/free/linux-64/ruamel_yaml-0.11.14-py36_1.tar.bz2		cb1ad38b2540bc88d904be01b53d7c36
base	setuptools	27.2.0	py36_0	MIT	https://repo.continuum.io/pkgs/free/linux-64/setuptools-27.2.0-py36_0.tar.bz2		60640e363589264b8a956af1f682764e
base	six	1.10.0	py36_0	MIT	https://repo.continuum.io/pkgs/free/linux-64/six-1.10.0-py36_0.tar.bz2		0d395f429e58f0310f63d8c9ee85e130
base	sqlite	3.13.0	0	Public-Domain (http://www.sqlite.org/copyright.html)	https://repo.continuum.io/pkgs/free/linux-64/sqlite-3.13.0-0.tar.bz2		ceb2d63b0dc2ec8a2e1da9378f07ab98
base	tk	8.5.18	0	BSD-style	https://repo.continuum.io/pkgs/free/linux-64/tk-8.5.18-0.tar.bz2		902f0fd689a01a835c9e69aefbe58fdd
base	wheel	0.29.0	py36_0	MIT	https://repo.continuum.io/pkgs/free/linux-64/wheel-0.29.0-py36_0.tar.bz2		7850aa092a737bba0639ba729e49f47b
base	xz	5.2.2	1	Public-Domain, GPL	https://repo.continuum.io/pkgs/free/linux-64/xz-5.2.2-1.tar.bz2		6352a951a56d7e96a49cbcb3abdda7ed
base	yaml	0.1.6	0	MIT	https://repo.continuum.io/pkgs/free/linux-64/yaml-0.1.6-0.tar.bz2		dac36570434ddc9e16e54709c114bd96
base	zlib	1.2.8	3	zlib (http://zlib.net/zlib_license.html)	https://repo.continuum.io/pkgs/free/linux-64/zlib-1.2.8-3.tar.bz2		60d5ea874984e4c750f187a26c827382
shapemapper_make	_libgcc_mutex	0.1	conda_forge	None	https://conda.anaconda.org/conda-forge/linux-64/_libgcc_mutex-0.1-conda_forge.tar.bz2	fe51de6107f9edc7aa4f786a70f4a883943bc9d39b3bb7307c04c41410990726	d7c89558ba9fa0495403155b64376d81
shapemapper_make	_openmp_mutex	4.5	2_gnu	BSD-3-Clause	https://conda.anaconda.org/conda-forge/linux-64/_openmp_mutex-4.5-2_gnu.tar.bz2	fbe2c5e56a653bebb982eda4876a9178aedfc2b545f25d0ce9c4c0b508253d22	73aaf86a425cc6e73fcf236a5a46396d
shapemapper_make	alsa-lib	1.2.8	h166bdaf_0	LGPL-2.1-or-later	https://conda.anaconda.org/conda-forge/linux-64/alsa-lib-1.2.8-h166bdaf_0.tar.bz2	2c0a618d0fa695e4e01a30e7ff31094be540c52e9085cbd724edb132c65cf9cd	be733e69048951df1e4b4b7bb8c7666f
shapemapper_make	atk-1.0	2.38.0	hd4edc92_1	LGPL-2.0-or-later	https://conda.anaconda.org/conda-forge/linux-64/atk-1.0-2.38.0-hd4edc92_1.tar.bz2	2f9314de13c1f0b54510a2afa0cdc02c0e3f828fccfc4277734f9590b11a65f1	6c72ec3e660a51736913ef6ea68c454b
shapemapper_make	attr	2.5.1	h166bdaf_1	GPL-2.0-or-later	https://conda.anaconda.org/conda-forge/linux-64/attr-2.5.1-h166bdaf_1.tar.bz2	82c13b1772c21fc4a17441734de471d3aabf82b61db9b11f4a1bd04a9c4ac324	d9c69a24ad678ffce24c6543a0176b00
shapemapper_make	bbmap	37.78	0	UC-LBL license (see package)	https://conda.anaconda.org/bioconda/linux-64/bbmap-37.78-0.tar.bz2	dd8dcf31f2fdffd22a79583d4ba56f7da21beb20282118fb8750402f4d4e23a2	2919730c7b79fc89b2cdd13742af32bc
shapemapper_make	binutils	2.39	hdd6e379_1	GPL-3.0-only	https://conda.anaconda.org/conda-forge/linux-64/binutils-2.39-hdd6e379_1.conda	8edbd5a01feaf22053d7c02e7d5066a3b35b265deee0a5ad3f69054289bbbd7e	1276c18b0a562739185dbf5bd14b57b2
shapemapper_make	binutils_impl_linux-64	2.39	he00db2b_1	GPL-3.0-only	https://conda.anaconda.org/conda-forge/linux-64/binutils_impl_linux-64-2.39-he00db2b_1.conda	69a7c32141475dab43de2f19b7a67c14596cbb357cdb5891ff866918f8f65a2e	3d726e8b51a1f5bfd66892a2b7d9db2d
shapemapper_make	binutils_linux-64	2.39	h5fc0e48_11	BSD-3-Clause	https://conda.anaconda.org/conda-forge/linux-64/binutils_linux-64-2.39-h5fc0e48_11.tar.bz2	acf554585c011689ce6c58472200545c9512dce1b9dfc5e853f25771c0c3e12e	b7d26ab37be17ea4c366a97138684bcb
shapemapper_make	boost-cpp	1.81.0	he95ae9e_0	BSL-1.0	https://conda.anaconda.org/conda-forge/linux-64/boost-cpp-1.81.0-he95ae9e_0.conda	2cf655a3544f84dd5156fbce861f02011c2cae761f8cbd428c589b8c74243958	bbd81de5abcf7434074f37cb5fe0eaa3
shapemapper_make	brotli	1.0.9	h166bdaf_8	MIT	https://conda.anaconda.org/conda-forge/linux-64/brotli-1.0.9-h166bdaf_8.tar.bz2	74c0fa22ea7c62d2c8f7a7aea03a3bd4919f7f3940ef5b027ce0dfb5feb38c06	2ff08978892a3e8b954397c461f18418
shapemapper_make	brotli-bin	1.0.9	h166bdaf_8	MIT	https://conda.anaconda.org/conda-forge/linux-64/brotli-bin-1.0.9-h166bdaf_8.tar.bz2	ab1994e03bdd88e4b27f9f802ac18e45ed29b92cce25e1fd86da43b89734950f	e5613f2bc717e9945840ff474419b8e4
shapemapper_make	bzip2	1.0.8	h7f98852_4	bzip2-1.0.6	https://conda.anaconda.org/conda-forge/linux-64/bzip2-1.0.8-h7f98852_4.tar.bz2	cb521319804640ff2ad6a9f118d972ed76d86bea44e5626c09a13d38f562e1fa	a1fd65c7ccbf10880423d82bca54eb54
shapemapper_make	c-ares	1.18.1	h7f98852_0	MIT	https://conda.anaconda.org/conda-forge/linux-64/c-ares-1.18.1-h7f98852_0.tar.bz2	ee735e60d2cf68e5635df17847e97b505a752985d10581d2438203e7c0f44c15	f26ef8098fab1f719c91eb760d63381a
shapemapper_make	c-compiler	1.5.2	h0b41bf4_0	BSD	https://conda.anaconda.org/conda-forge/linux-64/c-compiler-1.5.2-h0b41bf4_0.conda	fe4c0080648c3448939919ddc49339cd8e250124b69a518e66ef6989794fa58a	69afb4e35be6366c2c1f9ed7f49bc3e6
shapemapper_make	ca-certificates	2022.12.7	ha878542_0	ISC	https://conda.anaconda.org/conda-forge/linux-64/ca-certificates-2022.12.7-ha878542_0.conda	8f6c81b0637771ae0ea73dc03a6d30bec3326ba3927f2a7b91931aa2d59b1789	ff9f73d45c4a07d6f424495288a26080
shapemapper_make	cairo	1.16.0	ha61ee94_1014	LGPL-2.1-only or MPL-1.1	https://conda.anaconda.org/conda-forge/linux-64/cairo-1.16.0-ha61ee94_1014.tar.bz2	f062cf56e6e50d3ad4b425ebb3765ca9138c6ebc52e6a42d1377de8bc8d954f6	d1a88f3ed5b52e1024b80d4bcd26a7a0
shapemapper_make	cmake	3.25.2	h077f3f9_0	BSD-3-Clause	https://conda.anaconda.org/conda-forge/linux-64/cmake-3.25.2-h077f3f9_0.conda	439297a5bbfd6d1bab577544f9dc7737630237b82bbc8c9ee98f8a34bf286654	e0ce22752cbd71a6b32b23d96b787e42
shapemapper_make	contourpy	1.0.7	py39h4b4f3f3_0	BSD-3-Clause	https://conda.anaconda.org/conda-forge/linux-64/contourpy-1.0.7-py39h4b4f3f3_0.conda	74a767b73686caf0bb1d1186cd62a54f01e03ad5432eaaf0a7babad7634c4067	c5387f3fb1f5b8b71e1c865fc55f4951
shapemapper_make	cxx-compiler	1.5.2	hf52228f_0	BSD	https://conda.anaconda.org/conda-forge/linux-64/cxx-compiler-1.5.2-hf52228f_0.conda	c6916082ea28b905dd59d4b6b5b07be413a3a5a814193df43c28101e4d29a7fc	6b3b19e359824b97df7145c8c878c8be
shapemapper_make	cycler	0.11.0	pyhd8ed1ab_0	BSD-3-Clause	https://conda.anaconda.org/conda-forge/noarch/cycler-0.11.0-pyhd8ed1ab_0.tar.bz2	3b594bc8aa0b9a51269d54c7a4ef6af777d7fad4bee16b05695e1124de6563f6	a50559fad0affdbb33729a68669ca1cb
shapemapper_make	dbus	1.13.6	h5008d03_3	GPL-2.0-or-later	https://conda.anaconda.org/conda-forge/linux-64/dbus-1.13.6-h5008d03_3.tar.bz2	8f5f995699a2d9dbdd62c61385bfeeb57c82a681a7c8c5313c395aa0ccab68a5	ecfff944ba3960ecb334b9a2663d708d
shapemapper_make	expat	2.5.0	h27087fc_0	MIT	https://conda.anaconda.org/conda-forge/linux-64/expat-2.5.0-h27087fc_0.tar.bz2	b44db0b92ae926b3fbbcd57c179fceb64fa11a9f9d09082e03be58b74dcad832	c4fbad8d4bddeb3c085f18cbf97fbfad
shapemapper_make	fftw	3.3.10	nompi_hf0379b8_106	GPL-2.0-or-later	https://conda.anaconda.org/conda-forge/linux-64/fftw-3.3.10-nompi_hf0379b8_106.conda	8b735848df623fab555a6d7fc400636116d6ed5686ae0e50adb7df4c1c3a9cef	d7407e695358f068a2a7f8295cde0567
shapemapper_make	font-ttf-dejavu-sans-mono	2.37	hab24e00_0	BSD-3-Clause	https://conda.anaconda.org/conda-forge/noarch/font-ttf-dejavu-sans-mono-2.37-hab24e00_0.tar.bz2	58d7f40d2940dd0a8aa28651239adbf5613254df0f75789919c4e6762054403b	0c96522c6bdaed4b1566d11387caaf45
shapemapper_make	font-ttf-inconsolata	3.000	h77eed37_0	OFL-1.1	https://conda.anaconda.org/conda-forge/noarch/font-ttf-inconsolata-3.000-h77eed37_0.tar.bz2	c52a29fdac682c20d252facc50f01e7c2e7ceac52aa9817aaf0bb83f7559ec5c	34893075a5c9e55cdafac56607368fc6
shapemapper_make	font-ttf-source-code-pro	2.038	h77eed37_0	OFL-1.1	https://conda.anaconda.org/conda-forge/noarch/font-ttf-source-code-pro-2.038-h77eed37_0.tar.bz2	00925c8c055a2275614b4d983e1df637245e19058d79fc7dd1a93b8d9fb4b139	4d59c254e01d9cde7957100457e2d5fb
shapemapper_make	font-ttf-ubuntu	0.83	hab24e00_0	Ubuntu Font Licence Version 1.0	https://conda.anaconda.org/conda-forge/noarch/font-ttf-ubuntu-0.83-hab24e00_0.tar.bz2	470d5db54102bd51dbb0c5990324a2f4a0bc976faa493b22193338adb9882e2e	19410c3df09dfb12d1206132a1d357c5
shapemapper_make	fontconfig	2.14.2	h14ed4e7_0	MIT	https://conda.anaconda.org/conda-forge/linux-64/fontconfig-2.14.2-h14ed4e7_0.conda	155d534c9037347ea7439a2c6da7c24ffec8e5dd278889b4c57274a1d91e0a83	0f69b688f52ff6da70bccb7ff7001d1d
shapemapper_make	fonts-conda-ecosystem	1	0	BSD-3-Clause	https://conda.anaconda.org/conda-forge/noarch/fonts-conda-ecosystem-1-0.tar.bz2	a997f2f1921bb9c9d76e6fa2f6b408b7fa549edd349a77639c9fe7a23ea93e61	fee5683a3f04bd15cbd8318b096a27ab
shapemapper_make	fonts-conda-forge	1	0	BSD-3-Clause	https://conda.anaconda.org/conda-forge/noarch/fonts-conda-forge-1-0.tar.bz2	53f23a3319466053818540bcdf2091f253cbdbab1e0e9ae7b9e509dcaa2a5e38	f766549260d6815b0c52253f1fb1bb29
shapemapper_make	fonttools	4.39.0	py39h72bdee0_0	MIT	https://conda.anaconda.org/conda-forge/linux-64/fonttools-4.39.0-py39h72bdee0_0.conda	cd5bce3af985c9ada2d9cc1c42f5c6f135fabbb56c2917fc7c9f5ecf27f3cff0	7ed17a60087175112fbbf5882bebddc2
shapemapper_make	freetype	2.12.1	hca18f0e_1	GPL-2.0-only and LicenseRef-FreeType	https://conda.anaconda.org/conda-forge/linux-64/freetype-2.12.1-hca18f0e_1.conda	1eb913727b54e9aa63c6d9a1177db4e2894cee97c5f26910a2b61899d5ac904f	e1232042de76d24539a436d37597eb06
shapemapper_make	fribidi	1.0.10	h36c2ea0_0	LGPL-2.1	https://conda.anaconda.org/conda-forge/linux-64/fribidi-1.0.10-h36c2ea0_0.tar.bz2	5d7b6c0ee7743ba41399e9e05a58ccc1cfc903942e49ff6f677f6e423ea7a627	ac7bc6a654f8f41b352b38f4051135f8
shapemapper_make	gcc	11.3.0	h02d0930_11	BSD-3-Clause	https://conda.anaconda.org/conda-forge/linux-64/gcc-11.3.0-h02d0930_11.tar.bz2	1946d6c3ea7e98231de51d506c978c00ae97c7b27379ab34a368218d014758c8	6037ebe5f1e3054519ce78b11eec9cd4
shapemapper_make	gcc_impl_linux-64	11.3.0	hab1b70f_19	GPL-3.0-only WITH GCC-exception-3.1	https://conda.anaconda.org/conda-forge/linux-64/gcc_impl_linux-64-11.3.0-hab1b70f_19.tar.bz2	51c6e39148c9da4a9889d34f0daebdf961ca93f032b1e86f621a67ecff2bd915	89ac16d36e66ccb9ca5d34c9217e5799
shapemapper_make	gcc_linux-64	11.3.0	he6f903b_11	BSD-3-Clause	https://conda.anaconda.org/conda-forge/linux-64/gcc_linux-64-11.3.0-he6f903b_11.tar.bz2	c0041b6f805b6b3c01bfb51232b606c9a50a8e0154d17bbf61af36d62c600f00	25f76cb82e483ce96d118b9edffd12c9
shapemapper_make	gdk-pixbuf	2.42.10	h05c8ddd_0	LGPL-2.1-or-later	https://conda.anaconda.org/conda-forge/linux-64/gdk-pixbuf-2.42.10-h05c8ddd_0.conda	a27f49d85e0a730374cc77606e9484b23b0f3edf32df1994b6d7ff5dd44aef92	1a109126a43003d65b39c1cad656bc9b
shapemapper_make	gettext	0.21.1	h27087fc_0	LGPL-2.1-or-later AND GPL-3.0-or-later	https://conda.anaconda.org/conda-forge/linux-64/gettext-0.21.1-h27087fc_0.tar.bz2	4fcfedc44e4c9a053f0416f9fc6ab6ed50644fca3a761126dbd00d09db1f546a	14947d8770185e5153fdd04d4673ed37
shapemapper_make	giflib	5.2.1	h0b41bf4_3	MIT	https://conda.anaconda.org/conda-forge/linux-64/giflib-5.2.1-h0b41bf4_3.conda	41ec165704ccce2faa0437f4f53c03c06261a2cc9ff7614828e51427d9261f4b	96f3b11872ef6fad973eac856cd2624f
shapemapper_make	glib	2.74.1	h6239696_1	LGPL-2.1-or-later	https://conda.anaconda.org/conda-forge/linux-64/glib-2.74.1-h6239696_1.tar.bz2	bc3f1d84e976a62ae8388e3b44f260d867beb7a307c18147048a8301a3c12e47	f3220a9e9d3abcbfca43419a219df7e4
shapemapper_make	glib-tools	2.74.1	h6239696_1	LGPL-2.1-or-later	https://conda.anaconda.org/conda-forge/linux-64/glib-tools-2.74.1-h6239696_1.tar.bz2	029533e2e1cb03a80ae07a0a1a6bdd76b524e8f551d82e832a4d846a77b615c9	5f442e6bc9d89ba236eb25a25c5c2815
shapemapper_make	graphite2	1.3.13	h58526e2_1001	LGPLv2	https://conda.anaconda.org/conda-forge/linux-64/graphite2-1.3.13-h58526e2_1001.tar.bz2	65da967f3101b737b08222de6a6a14e20e480e7d523a5d1e19ace7b960b5d6b1	8c54672728e8ec6aa6db90cf2806d220
shapemapper_make	graphviz	7.1.0	h2e5815a_0	EPL-1.0	https://conda.anaconda.org/conda-forge/linux-64/graphviz-7.1.0-h2e5815a_0.conda	cecaa9e6dce7f2df042768d9a794f0126565a30384fcd59879e107d760bed7f1	e7ecda996c443142a0e9c379f3b28e48
shapemapper_make	gst-plugins-base	1.22.0	h4243ec0_2	LGPL-2.0-or-later	https://conda.anaconda.org/conda-forge/linux-64/gst-plugins-base-1.22.0-h4243ec0_2.conda	e0f3e53f179440a8cdfd38c0b47d175aa560ff1600d43e15e6a6cbdaa7a01da3	0d0c6604c8ac4ad5e51efa7bb58da05c
shapemapper_make	gstreamer	1.22.0	h25f0c4b_2	LGPL-2.0-or-later	https://conda.anaconda.org/conda-forge/linux-64/gstreamer-1.22.0-h25f0c4b_2.conda	b60bf8f5cae60d276e26f9de0f03faddc6dd341c910924ffe0f3c1aa7e0852c7	461541cb1b387c2a28ab6217f3d38502
shapemapper_make	gstreamer-orc	0.4.33	h166bdaf_0	BSD-2-Clause AND BSD-3-Clause	https://conda.anaconda.org/conda-forge/linux-64/gstreamer-orc-0.4.33-h166bdaf_0.tar.bz2	c4fdbaaeb66eed280ef6875c6a4b6916ed168166277e9317fbe25b15d3758897	879c93426c9d0b84a9de4513fbce5f4f
shapemapper_make	gtk2	2.24.33	h90689f9_2	LGPL-2.1-or-later	https://conda.anaconda.org/conda-forge/linux-64/gtk2-2.24.33-h90689f9_2.tar.bz2	66d189ec36d67309fa3eb52d14d77b82359c10303c400eecc14f8eaca5939b87	957a0255ab58aaf394a91725d73ab422
shapemapper_make	gts	0.7.6	h64030ff_2	LGPL-2.0-or-later	https://conda.anaconda.org/conda-forge/linux-64/gts-0.7.6-h64030ff_2.tar.bz2	ed9ae774aa867ad41bb0aa3f4a088f326dec32ab3468040322dbbd6c5bf33b0a	112eb9b5b93f0c02e59aea4fd1967363
shapemapper_make	gxx	11.3.0	h02d0930_11	BSD-3-Clause	https://conda.anaconda.org/conda-forge/linux-64/gxx-11.3.0-h02d0930_11.tar.bz2	3614201ab2f09f27429b7faea7dcd9e24e089a325bca878f76cdd0dca4676520	e47dd4b4e577f03bb6aab18f48be5419
shapemapper_make	gxx_impl_linux-64	11.3.0	hab1b70f_19	GPL-3.0-only WITH GCC-exception-3.1	https://conda.anaconda.org/conda-forge/linux-64/gxx_impl_linux-64-11.3.0-hab1b70f_19.tar.bz2	b86a4d15050c8ad5b8a4273c55f468847d891ceb08f3702408c3a0e921a5b5ea	b73564a352e64bb5f2c9bfd3cd6dd127
shapemapper_make	gxx_linux-64	11.3.0	hc203a17_11	BSD-3-Clause	https://conda.anaconda.org/conda-forge/linux-64/gxx_linux-64-11.3.0-hc203a17_11.tar.bz2	7be17e1fdb200e8b9afe8f4e88b3b821740be6024e433565abda94e5d021c9cb	15fbc9079f191d468403639a6515652c
shapemapper_make	harfbuzz	6.0.0	h8e241bc_0	MIT	https://conda.anaconda.org/conda-forge/linux-64/harfbuzz-6.0.0-h8e241bc_0.conda	f300fcb390253d6d63346ee71e56f82bc830783d1682ac933fe9ac86f39da942	448fe40d2fed88ccf4d9ded37cbb2b38
shapemapper_make	icu	70.1	h27087fc_0	MIT	https://conda.anaconda.org/conda-forge/linux-64/icu-70.1-h27087fc_0.tar.bz2	1d7950f3be4637ab915d886304e57731d39a41ab705ffc95c4681655c459374a	87473a15119779e021c314249d4b4aed
shapemapper_make	jack	1.9.22	h11f4161_0	LGPL-2.0-only	https://conda.anaconda.org/conda-forge/linux-64/jack-1.9.22-h11f4161_0.conda	9f173c6633f7ef049b05cd92a9fc028402972ddc44a56d5bb51d8879d73bbde7	504fa9e712b99494a9cf4630e3ca7d78
shapemapper_make	java-jdk	8.0.112	1	GPL	https://conda.anaconda.org/bioconda/linux-64/java-jdk-8.0.112-1.tar.bz2	9df1f6c5333315da89cfe95a39d941f28aa72db5aff19a8dce00c6f5e61aaf2b	9f9db148bf8d30657576fefa74dc7c98
shapemapper_make	joblib	1.2.0	pyhd8ed1ab_0	BSD-3-Clause	https://conda.anaconda.org/conda-forge/noarch/joblib-1.2.0-pyhd8ed1ab_0.tar.bz2	0c21351871df2c0a53168575597dd9c881e2a9fa4c42fe89a9bcd7fab37f462c	7583652522d71ad78ba536bba06940eb
shapemapper_make	jpeg	9e	h0b41bf4_3	IJG	https://conda.anaconda.org/conda-forge/linux-64/jpeg-9e-h0b41bf4_3.conda	8f73194d09c9ea4a7e2b3562766b8d72125cc147b62c7cf83393e3a3bbfd581b	c7a069243e1fbe9a556ed2ec030e6407
shapemapper_make	kernel-headers_linux-64	2.6.32	he073ed8_15	LGPL-2.0-or-later AND LGPL-2.0-or-later WITH exceptions AND GPL-2.0-or-later AND MPL-2.0	https://conda.anaconda.org/conda-forge/noarch/kernel-headers_linux-64-2.6.32-he073ed8_15.tar.bz2	c9f33acc0f1095bd4e7a2b577dfa41fc3fef3713b3975e8467a0fbed188fe6f4	5dd5127afd710f91f6a75821bac0a4f0
shapemapper_make	keyutils	1.6.1	h166bdaf_0	LGPL-2.1-or-later	https://conda.anaconda.org/conda-forge/linux-64/keyutils-1.6.1-h166bdaf_0.tar.bz2	150c05a6e538610ca7c43beb3a40d65c90537497a4f6a5f4d15ec0451b6f5ebb	30186d27e2c9fa62b45fb1476b7200e3
shapemapper_make	kiwisolver	1.4.4	py39hf939315_1	BSD-3-Clause	https://conda.anaconda.org/conda-forge/linux-64/kiwisolver-1.4.4-py39hf939315_1.tar.bz2	eb28254cc7029e702d0059536d986b010221de62f9c8588a5a83e95a00b4e74d	41679a052a8ce841c74df1ebc802e411
shapemapper_make	krb5	1.20.1	h81ceb04_0	MIT	https://conda.anaconda.org/conda-forge/linux-64/krb5-1.20.1-h81ceb04_0.conda	51a346807ce981e1450eb04c3566415b05eed705bc9e6c98c198ec62367b7c62	89a41adce7106749573d883b2f657d78
shapemapper_make	lame	3.100	h166bdaf_1003	LGPL-2.0-only	https://conda.anaconda.org/conda-forge/linux-64/lame-3.100-h166bdaf_1003.tar.bz2	aad2a703b9d7b038c0f745b853c6bb5f122988fe1a7a096e0e606d9cbec4eaab	a8832b479f93521a9e7b5b743803be51
shapemapper_make	lcms2	2.15	hfd0df8a_0	MIT	https://conda.anaconda.org/conda-forge/linux-64/lcms2-2.15-hfd0df8a_0.conda	443e926b585528112ec6aa4d85bf087722914ed8d85a2f75ae47c023c55c4238	aa8840cdf17ef0c6084d1e24abc7a28b
shapemapper_make	ld_impl_linux-64	2.39	hcc3a1bd_1	GPL-3.0-only	https://conda.anaconda.org/conda-forge/linux-64/ld_impl_linux-64-2.39-hcc3a1bd_1.conda	3e7f203e33ea497b6e468279cc5fdef7d556473c25e7466b35fd672940392469	737be0d34c22d24432049ab7a3214de4
shapemapper_make	lerc	4.0.0	h27087fc_0	Apache-2.0	https://conda.anaconda.org/conda-forge/linux-64/lerc-4.0.0-h27087fc_0.tar.bz2	cb55f36dcd898203927133280ae1dc643368af041a48bcf7c026acb7c47b0c12	76bbff344f0134279f225174e9064c8f
shapemapper_make	libblas	3.9.0	16_linux64_openblas	BSD-3-Clause	https://conda.anaconda.org/conda-forge/linux-64/libblas-3.9.0-16_linux64_openblas.tar.bz2	4e4c60d3fe0b95ffb25911dace509e3532979f5deef4364141c533c5ca82dd39	d9b7a8639171f6c6fa0a983edabcfe2b
shapemapper_make	libbrotlicommon	1.0.9	h166bdaf_8	MIT	https://conda.anaconda.org/conda-forge/linux-64/libbrotlicommon-1.0.9-h166bdaf_8.tar.bz2	ddc961a36d498aaafd5b71078836ad5dd247cc6ba7924157f3801a2f09b77b14	9194c9bf9428035a05352d031462eae4
shapemapper_make	libbrotlidec	1.0.9	h166bdaf_8	MIT	https://conda.anaconda.org/conda-forge/linux-64/libbrotlidec-1.0.9-h166bdaf_8.tar.bz2	d88ba07c3be27c89cb4975cc7edf63ee7b1c62d01f70d5c3f7efeb987c82b052	4ae4d7795d33e02bd20f6b23d91caf82
shapemapper_make	libbrotlienc	1.0.9	h166bdaf_8	MIT	https://conda.anaconda.org/conda-forge/linux-64/libbrotlienc-1.0.9-h166bdaf_8.tar.bz2	a0468858b2f647f51509a32040e93512818a8f9980f20b3554cccac747bcc4be	04bac51ba35ea023dc48af73c1c88c25
shapemapper_make	libcap	2.66	ha37c62d_0	BSD-3-Clause	https://conda.anaconda.org/conda-forge/linux-64/libcap-2.66-ha37c62d_0.tar.bz2	db113b0bacb45533ec6f5c13a548054af8bd0ca2f7583e8bc5989f17e1e1638b	2d7665abd0997f1a6d4b7596bc27b657
shapemapper_make	libcblas	3.9.0	16_linux64_openblas	BSD-3-Clause	https://conda.anaconda.org/conda-forge/linux-64/libcblas-3.9.0-16_linux64_openblas.tar.bz2	e4ceab90a49cb3ac1af20177016dc92066aa278eded19646bb928d261b98367f	20bae26d0a1db73f758fc3754cab4719
shapemapper_make	libclang	15.0.7	default_had23c3d_1	Apache-2.0 WITH LLVM-exception	https://conda.anaconda.org/conda-forge/linux-64/libclang-15.0.7-default_had23c3d_1.conda	eba3ed760c72c992a04d86455556ecb90c0e1e3688defcac44b28a848d71651c	36c65ed73b7c92589bd9562ef8a6023d
shapemapper_make	libclang13	15.0.7	default_h3e3d535_1	Apache-2.0 WITH LLVM-exception	https://conda.anaconda.org/conda-forge/linux-64/libclang13-15.0.7-default_h3e3d535_1.conda	e48481c37d02aefeddcfac20d48cf13b838c5f7b9018300fa7eac404d30f3d7f	a3a0f7a6f0885f5e1e0ec691566afb77
shapemapper_make	libcups	2.3.3	h36d4200_3	Apache-2.0	https://conda.anaconda.org/conda-forge/linux-64/libcups-2.3.3-h36d4200_3.conda	0ccd610207807f53328f137b2adc99c413f8e1dcd1302f0325412796a94eaaf7	c9f4416a34bc91e0eb029f912c68f81f
shapemapper_make	libcurl	7.88.1	hdc1c0ab_0	curl	https://conda.anaconda.org/conda-forge/linux-64/libcurl-7.88.1-hdc1c0ab_0.conda	abc7a5f4dad4559a1db998a58952226035f20977a186b68ce78bd4db4a6a6286	81eaeb3b35163c8e90e57532bc93754d
shapemapper_make	libdb	6.2.32	h9c3ff4c_0	AGPL-3.0-only	https://conda.anaconda.org/conda-forge/linux-64/libdb-6.2.32-h9c3ff4c_0.tar.bz2	21fac1012ff05b131d4b5d284003dbbe7b5c4c652aa9e401b46279ed5a784372	3f3258d8f841fbac63b36b75bdac1afd
shapemapper_make	libdeflate	1.17	h0b41bf4_0	MIT	https://conda.anaconda.org/conda-forge/linux-64/libdeflate-1.17-h0b41bf4_0.conda	f9983a8ea03531f2c14bce76c870ca325c0fddf0c4e872bff1f78bc52624179c	5cc781fd91968b11a8a7fdbee0982676
shapemapper_make	libedit	3.1.20191231	he28a2e2_2	BSD-2-Clause	https://conda.anaconda.org/conda-forge/linux-64/libedit-3.1.20191231-he28a2e2_2.tar.bz2	a57d37c236d8f7c886e01656f4949d9dcca131d2a0728609c6f7fa338b65f1cf	4d331e44109e3f0e19b4cb8f9b82f3e1
shapemapper_make	libev	4.33	h516909a_1	BSD-2-Clause	https://conda.anaconda.org/conda-forge/linux-64/libev-4.33-h516909a_1.tar.bz2	8c9635aa0ea28922877dc96358f9547f6a55fc7e2eb75a556b05f1725496baf9	6f8720dff19e17ce5d48cfe7f3d2f0a3
shapemapper_make	libevent	2.1.10	h28343ad_4	BSD-3-Clause	https://conda.anaconda.org/conda-forge/linux-64/libevent-2.1.10-h28343ad_4.tar.bz2	31ac7124c92628cd1c6bea368e38d7f43f8ec68d88128ecdc177773e6d00c60a	4a049fc560e00e43151dc51368915fdd
shapemapper_make	libffi	3.4.2	h7f98852_5	MIT	https://conda.anaconda.org/conda-forge/linux-64/libffi-3.4.2-h7f98852_5.tar.bz2	ab6e9856c21709b7b517e940ae7028ae0737546122f83c2aa5d692860c3b149e	d645c6d2ac96843a2bfaccd2d62b3ac3
shapemapper_make	libflac	1.4.2	h27087fc_0	BSD-3-Clause	https://conda.anaconda.org/conda-forge/linux-64/libflac-1.4.2-h27087fc_0.tar.bz2	095cfa4e2df8622b8f9eebec3c60710ea0f4732c64cd24769ccf9ed63fd45545	7daf72d8e2a8e848e11d63ed6d1026e0
shapemapper_make	libgcc	7.2.0	h69d50b8_2	GNU GPL 3+ with GCC Runtime Library	https://conda.anaconda.org/conda-forge/linux-64/libgcc-7.2.0-h69d50b8_2.tar.bz2	fe7f1ac1ce89f37d7314760bf17fad8198435443358d570f620fb1dec33ca051	9962126180acc1a4fec0c6aabe7c2459
shapemapper_make	libgcc-devel_linux-64	11.3.0	h210ce93_19	GPL-3.0-only WITH GCC-exception-3.1	https://conda.anaconda.org/conda-forge/linux-64/libgcc-devel_linux-64-11.3.0-h210ce93_19.tar.bz2	70b2c370cc616304f732eeb4014825390dbee044ecbc3875e968b0ea01bd7503	9b7bdb0b42ce4e4670d32bfe0532b56a
shapemapper_make	libgcc-ng	12.2.0	h65d4601_19	GPL-3.0-only WITH GCC-exception-3.1	https://conda.anaconda.org/conda-forge/linux-64/libgcc-ng-12.2.0-h65d4601_19.tar.bz2	f3899c26824cee023f1e360bd0859b0e149e2b3e8b1668bc6dd04bfc70dcd659	e4c94f80aef025c17ab0828cd85ef535
shapemapper_make	libgcrypt	1.10.1	h166bdaf_0	LGPL-2.1-or-later AND GPL-2.0-or-later	https://conda.anaconda.org/conda-forge/linux-64/libgcrypt-1.10.1-h166bdaf_0.tar.bz2	8fd7e6db1021cd9298d9896233454de204116840eb66a06fcb712e1015ff132a	f967fc95089cd247ceed56eda31de3a9
shapemapper_make	libgd	2.3.3	h5aea950_4	GD	https://conda.anaconda.org/conda-forge/linux-64/libgd-2.3.3-h5aea950_4.conda	6674781023188deeda7752e5dc429a54fd1639c9d61cbb25296cbbb55367884a	82ef57611ace65b59db35a9687264572
shapemapper_make	libgfortran-ng	12.2.0	h69a702a_19	GPL-3.0-only WITH GCC-exception-3.1	https://conda.anaconda.org/conda-forge/linux-64/libgfortran-ng-12.2.0-h69a702a_19.tar.bz2	c7d061f323e80fbc09564179073d8af303bf69b953b0caddcf79b47e352c746f	cd7a806282c16e1f2d39a7e80d3a3e0d
shapemapper_make	libgfortran5	12.2.0	h337968e_19	GPL-3.0-only WITH GCC-exception-3.1	https://conda.anaconda.org/conda-forge/linux-64/libgfortran5-12.2.0-h337968e_19.tar.bz2	03ea784edd12037dc3a7a0078ff3f9c3383feabb34d5ba910bb2fd7a21a2d961	164b4b1acaedc47ee7e658ae6b308ca3
shapemapper_make	libglib	2.74.1	h606061b_1	LGPL-2.1-or-later	https://conda.anaconda.org/conda-forge/linux-64/libglib-2.74.1-h606061b_1.tar.bz2	3cbad3d63cff2dd9ac1dc9cce54fd3d657f3aff53df41bfe5bae9d760562a5af	ed5349aa96776e00b34eccecf4a948fe
shapemapper_make	libgomp	12.2.0	h65d4601_19	GPL-3.0-only WITH GCC-exception-3.1	https://conda.anaconda.org/conda-forge/linux-64/libgomp-12.2.0-h65d4601_19.tar.bz2	81a76d20cfdee9fe0728b93ef057ba93494fd1450d42bc3717af4e468235661e	cedcee7c064c01c403f962c9e8d3c373
shapemapper_make	libgpg-error	1.46	h620e276_0	GPL-2.0-only	https://conda.anaconda.org/conda-forge/linux-64/libgpg-error-1.46-h620e276_0.conda	a2e3df80a5713b4143f7d276a9354d78f2b2927b22831dc24c3246a82674aaba	27e745f6f2e4b757e95dd7225fbe6bdb
shapemapper_make	libiconv	1.17	h166bdaf_0	GPL and LGPL	https://conda.anaconda.org/conda-forge/linux-64/libiconv-1.17-h166bdaf_0.tar.bz2	6a81ebac9f1aacdf2b4f945c87ad62b972f0f69c8e0981d68e111739e6720fd7	b62b52da46c39ee2bc3c162ac7f1804d
shapemapper_make	liblapack	3.9.0	16_linux64_openblas	BSD-3-Clause	https://conda.anaconda.org/conda-forge/linux-64/liblapack-3.9.0-16_linux64_openblas.tar.bz2	f5f30b8049dfa368599e5a08a4f35cb1966af0abc539d1fd1f50d93db76a74e6	955d993f41f9354bf753d29864ea20ad
shapemapper_make	libllvm15	15.0.7	hadd5161_0	Apache-2.0 WITH LLVM-exception	https://conda.anaconda.org/conda-forge/linux-64/libllvm15-15.0.7-hadd5161_0.conda	3fb9a9cfd2f5c79e8116c67f95d5a9b790ec66807ae0d8cebefc26fda9f836a7	70cbb0c2033665f2a7339bf0ec51a67f
shapemapper_make	libnghttp2	1.52.0	h61bc06f_0	MIT	https://conda.anaconda.org/conda-forge/linux-64/libnghttp2-1.52.0-h61bc06f_0.conda	ecd6b08c2b5abe7d1586428c4dd257dcfa00ee53700d79cdc8bca098fdfbd79a	613955a50485812985c059e7b269f42e
shapemapper_make	libnsl	2.0.0	h7f98852_0	GPL-2.0-only	https://conda.anaconda.org/conda-forge/linux-64/libnsl-2.0.0-h7f98852_0.tar.bz2	32f4fb94d99946b0dabfbbfd442b25852baf909637f2eed1ffe3baea15d02aad	39b1328babf85c7c3a61636d9cd50206
shapemapper_make	libogg	1.3.4	h7f98852_1	BSD-3-Clause	https://conda.anaconda.org/conda-forge/linux-64/libogg-1.3.4-h7f98852_1.tar.bz2	b88afeb30620b11bed54dac4295aa57252321446ba4e6babd7dce4b9ffde9b25	6e8cc2173440d77708196c5b93771680
shapemapper_make	libopenblas	0.3.21	pthreads_h78a6416_3	BSD-3-Clause	https://conda.anaconda.org/conda-forge/linux-64/libopenblas-0.3.21-pthreads_h78a6416_3.tar.bz2	018372af663987265cb3ca8f37ac8c22b5f39219f65a0c162b056a30af11bba0	8c5963a49b6035c40646a763293fbb35
shapemapper_make	libopus	1.3.1	h7f98852_1	BSD-3-Clause	https://conda.anaconda.org/conda-forge/linux-64/libopus-1.3.1-h7f98852_1.tar.bz2	0e1c2740ebd1c93226dc5387461bbcf8142c518f2092f3ea7551f77755decc8f	15345e56d527b330e1cacbdf58676e8f
shapemapper_make	libpng	1.6.39	h753d276_0	zlib-acknowledgement	https://conda.anaconda.org/conda-forge/linux-64/libpng-1.6.39-h753d276_0.conda	a32b36d34e4f2490b99bddbc77d01a674d304f667f0e62c89e02c961addef462	e1c890aebdebbfbf87e2c917187b4416
shapemapper_make	libpq	15.2	hb675445_0	PostgreSQL	https://conda.anaconda.org/conda-forge/linux-64/libpq-15.2-hb675445_0.conda	5693c492ca0280e62edd114d91b7aa9c81fa60276b594f31d18a852636603f9e	4654b17eccaba55b8581d6b9c77f53cc
shapemapper_make	librsvg	2.54.4	h7abd40a_0	LGPL-2.1-or-later	https://conda.anaconda.org/conda-forge/linux-64/librsvg-2.54.4-h7abd40a_0.tar.bz2	9b81f3854660e902a417e8194b43ed2f5d2a082227df28ba6804c68ac7c16aa0	921e53675ed5ea352f022b79abab076a
shapemapper_make	libsanitizer	11.3.0	h239ccf8_19	GPL-3.0-only WITH GCC-exception-3.1	https://conda.anaconda.org/conda-forge/linux-64/libsanitizer-11.3.0-h239ccf8_19.tar.bz2	5e53a50c9b5fd04790f4cc63aa74cd6172151246248438b9bc154392ebe0bd17	d17fd55aed84ab6592c5419b6600501c
shapemapper_make	libsndfile	1.2.0	hb75c966_0	LGPL-2.1-or-later	https://conda.anaconda.org/conda-forge/linux-64/libsndfile-1.2.0-hb75c966_0.conda	52ab2460d626d1cc95092daa4f7191f84d4950aeb9925484135f96af6b6391d8	c648d19cd9c8625898d5d370414de7c7
shapemapper_make	libsqlite	3.40.0	h753d276_0	Unlicense	https://conda.anaconda.org/conda-forge/linux-64/libsqlite-3.40.0-h753d276_0.tar.bz2	6008a0b914bd1a3510a3dba38eada93aa0349ebca3a21e5fa276833c8205bf49	2e5f9a37d487e1019fd4d8113adb2f9f
shapemapper_make	libssh2	1.10.0	hf14f497_3	BSD-3-Clause	https://conda.anaconda.org/conda-forge/linux-64/libssh2-1.10.0-hf14f497_3.tar.bz2	9a9a01f35d2d50326eb8ca7c0a92d0c45b2d0f77d9ea117680c70094ff480c0c	d85acad4b47dff4e3def14a769a97906
shapemapper_make	libstdcxx-devel_linux-64	11.3.0	h210ce93_19	GPL-3.0-only WITH GCC-exception-3.1	https://conda.anaconda.org/conda-forge/linux-64/libstdcxx-devel_linux-64-11.3.0-h210ce93_19.tar.bz2	abfcbf3a0f770be88eefebf84ae3a901da9e933799c9eecf3e9b06f34b00a0a5	8aee006c0662f551f3acef9a7077a5b9
shapemapper_make	libstdcxx-ng	12.2.0	h46fd767_19	GPL-3.0-only WITH GCC-exception-3.1	https://conda.anaconda.org/conda-forge/linux-64/libstdcxx-ng-12.2.0-h46fd767_19.tar.bz2	0289e6a7b9a5249161a3967909e12dcfb4ab4475cdede984635d3fb65c606f08	1030b1f38c129f2634eae026f704fe60
shapemapper_make	libsystemd0	252	h2a991cd_0	LGPL-2.1-or-later	https://conda.anaconda.org/conda-forge/linux-64/libsystemd0-252-h2a991cd_0.tar.bz2	a181e25a04207179da598a5a89747a026642341e193dca125620f5f4e268804a	3c5ae9f61f663b3d5e1bf7f7da0c85f5
shapemapper_make	libtiff	4.5.0	h6adf6a1_2	HPND	https://conda.anaconda.org/conda-forge/linux-64/libtiff-4.5.0-h6adf6a1_2.conda	e3e18d91fb282b61288d4fd2574dfa31f7ae90ef2737f96722fb6ad3257862ee	2e648a34072eb39d7c4fc2a9981c5f0c
shapemapper_make	libtool	2.4.7	h27087fc_0	GPL-2.0-or-later	https://conda.anaconda.org/conda-forge/linux-64/libtool-2.4.7-h27087fc_0.conda	345b3b580ef91557a82425ea3f432a70a8748c040deb14570b9f4dca4af3e3d1	f204c8ba400ec475452737094fb81d52
shapemapper_make	libudev1	253	h0b41bf4_0	LGPL-2.1-or-later	https://conda.anaconda.org/conda-forge/linux-64/libudev1-253-h0b41bf4_0.conda	b80c71742df82a2d7cededda82193a927a59bd4952ccd698f10ca25c2a7770e3	6c2addbd9aa4ee47c76d50c9f0df8cd6
shapemapper_make	libuuid	2.32.1	h7f98852_1000	BSD-3-Clause	https://conda.anaconda.org/conda-forge/linux-64/libuuid-2.32.1-h7f98852_1000.tar.bz2	54f118845498353c936826f8da79b5377d23032bcac8c4a02de2019e26c3f6b3	772d69f030955d9646d3d0eaf21d859d
shapemapper_make	libuv	1.44.2	h166bdaf_0	MIT	https://conda.anaconda.org/conda-forge/linux-64/libuv-1.44.2-h166bdaf_0.tar.bz2	dc14922a6d5cf7fde55c0aa8f6661d6871c6a2e94369e7455a8a5927c3065080	e5cb4fe581a18ca2185a016eb848fc00
shapemapper_make	libvorbis	1.3.7	h9c3ff4c_0	BSD-3-Clause	https://conda.anaconda.org/conda-forge/linux-64/libvorbis-1.3.7-h9c3ff4c_0.tar.bz2	53080d72388a57b3c31ad5805c93a7328e46ff22fab7c44ad2a86d712740af33	309dec04b70a3cc0f1e84a4013683bc0
shapemapper_make	libwebp	1.2.4	h1daa5a0_1	BSD-3-Clause	https://conda.anaconda.org/conda-forge/linux-64/libwebp-1.2.4-h1daa5a0_1.conda	43d563a16fe9db32b7d0be8d89968005f21139e9285dfe1fbfe9ae6647f1cc9f	77003f63d1763c1e6569a02c1742c9f4
shapemapper_make	libwebp-base	1.2.4	h166bdaf_0	BSD-3-Clause	https://conda.anaconda.org/conda-forge/linux-64/libwebp-base-1.2.4-h166bdaf_0.tar.bz2	221f2e138dd264b7394b88f08884d93825d38800a51415059e813c02467abfd1	ac2ccf7323d21f2994e4d1f5da664f37
shapemapper_make	libxcb	1.13	h7f98852_1004	MIT	https://conda.anaconda.org/conda-forge/linux-64/libxcb-1.13-h7f98852_1004.tar.bz2	8d5d24cbeda9282dd707edd3156e5fde2e3f3fe86c802fa7ce08c8f1e803bfd9	b3653fdc58d03face9724f602218a904
shapemapper_make	libxkbcommon	1.5.0	h79f4944_1	MIT/X11 Derivative	https://conda.anaconda.org/conda-forge/linux-64/libxkbcommon-1.5.0-h79f4944_1.conda	f57aa3eeeb4abbeeafb6e61fbffa6f89fa2434e914c1eb65551e6e0905b363aa	04a39cdd663f295653fc143851830563
shapemapper_make	libxml2	2.10.3	h7463322_0	MIT	https://conda.anaconda.org/conda-forge/linux-64/libxml2-2.10.3-h7463322_0.tar.bz2	b30713fb4477ff4f722280d956593e7e7a2cb705b7444dcc278de447432b43b1	3b933ea47ef8f330c4c068af25fcd6a8
shapemapper_make	libzlib	1.2.13	h166bdaf_4	Zlib	https://conda.anaconda.org/conda-forge/linux-64/libzlib-1.2.13-h166bdaf_4.tar.bz2	22f3663bcf294d349327e60e464a51cd59664a71b8ed70c28a9f512d10bc77dd	f3f9de449d32ca9b9c66a22863c96f41
shapemapper_make	lz4-c	1.9.4	hcb278e6_0	BSD-2-Clause	https://conda.anaconda.org/conda-forge/linux-64/lz4-c-1.9.4-hcb278e6_0.conda	1b4c105a887f9b2041219d57036f72c4739ab9e9fe5a1486f094e58c76b31f5f	318b08df404f9c9be5712aaa5a6f0bb0
shapemapper_make	matplotlib	3.6.2	py39hf3d152e_0	LicenseRef-PSF-2.0 and CC0-1.0	https://conda.anaconda.org/conda-forge/linux-64/matplotlib-3.6.2-py39hf3d152e_0.tar.bz2	abe595daac3b38e465f0f08b16ce229fca675fffb3f8154cea638ecd9c5417bf	03225b4745d1dee7bb19d81e41c773a0
shapemapper_make	matplotlib-base	3.6.2	py39h945d387_0	LicenseRef-PSF-based	https://repo.anaconda.com/pkgs/main/linux-64/matplotlib-base-3.6.2-py39h945d387_0.conda	dd2a76430d71a81363499814ff35a05a800efa5c87ff72925672ca25f0ec117e	4f5cb09d4c574c3bb9ac39b3b55e1647
shapemapper_make	mpg123	1.31.2	hcb278e6_0	LGPL-2.1-only	https://conda.anaconda.org/conda-forge/linux-64/mpg123-1.31.2-hcb278e6_0.conda	cc8cb2097e96d2420dd698951ab524b6c8268fa691d370020a0eae3e65197c04	08efb1e1813f1a151b7a945b972a049b
shapemapper_make	munkres	1.1.4	pyh9f0ad1d_0	Apache-2.0	https://conda.anaconda.org/conda-forge/noarch/munkres-1.1.4-pyh9f0ad1d_0.tar.bz2	f86fb22b58e93d04b6f25e0d811b56797689d598788b59dcb47f59045b568306	2ba8498c1018c1e9c61eb99b973dfe19
shapemapper_make	mysql-common	8.0.32	ha901b37_0		https://conda.anaconda.org/conda-forge/linux-64/mysql-common-8.0.32-ha901b37_0.conda	d7da5c1cc47656394933146ab30f6f3433553e8265ea1a4254bce441ab678199	6a39818710235826181e104aada40c75
shapemapper_make	mysql-libs	8.0.32	hd7da12d_0		https://conda.anaconda.org/conda-forge/linux-64/mysql-libs-8.0.32-hd7da12d_0.conda	903174761ce605d98410747e0072757da5278d57309148ef175af490aa791f38	b05d7ea8b76f1172d5fe4f30e03277ea
shapemapper_make	ncurses	6.3	h27087fc_1	X11 AND BSD-3-Clause	https://conda.anaconda.org/conda-forge/linux-64/ncurses-6.3-h27087fc_1.tar.bz2	b801e8cf4b2c9a30bce5616746c6c2a4e36427f045b46d9fc08a4ed40a9f7065	4acfc691e64342b9dae57cf2adc63238
shapemapper_make	nspr	4.35	h27087fc_0	MPL-2.0	https://conda.anaconda.org/conda-forge/linux-64/nspr-4.35-h27087fc_0.conda	8fadeebb2b7369a4f3b2c039a980d419f65c7b18267ba0c62588f9f894396d0c	da0ec11a6454ae19bff5b02ed881a2b1
shapemapper_make	nss	3.89	he45b914_0	MPL-2.0	https://conda.anaconda.org/conda-forge/linux-64/nss-3.89-he45b914_0.conda	6d512e4a7ffae4fed9feac2cb2037398c78ade47e5358fc79ac3e58494de0cad	2745719a58eeaab6657256a3f142f099
shapemapper_make	numpy	1.19.5	py39hd249d9e_3	BSD-3-Clause	https://conda.anaconda.org/conda-forge/linux-64/numpy-1.19.5-py39hd249d9e_3.tar.bz2	6ec8d7ade9e083de4f8a532d9e71d14e780cc9059a625b57174cc68f9a99b930	0cf333996ebdeeba8d1c8c1c0ee9eff9
shapemapper_make	openjdk	8.0.112	zulu8.19.0.1_3	GPLv2	https://conda.anaconda.org/conda-forge/linux-64/openjdk-8.0.112-zulu8.19.0.1_3.tar.bz2	14e90e90593065802e36147c801ed89c12924b695059aecc179a756eaf5386da	8fae7d2b2981ba59fbfaab89850ffc61
shapemapper_make	openjpeg	2.5.0	hfec8fc6_2	BSD-2-Clause	https://conda.anaconda.org/conda-forge/linux-64/openjpeg-2.5.0-hfec8fc6_2.conda	3cbfb1fe9bb492dcb672f98f0ddc7b4e029f51f77101d9c301caa3acaea8cba2	5ce6a42505c6e9e6151c54c3ec8d68ea
shapemapper_make	openssl	3.0.8	h0b41bf4_0	Apache-2.0	https://conda.anaconda.org/conda-forge/linux-64/openssl-3.0.8-h0b41bf4_0.conda	cd981c5c18463bc7a164fcf45c5cf697d58852b780b4dfa5e83c18c1fda6d7cd	e043403cd18faf815bf7705ab6c1e092
shapemapper_make	packaging	23.0	pyhd8ed1ab_0	Apache-2.0	https://conda.anaconda.org/conda-forge/noarch/packaging-23.0-pyhd8ed1ab_0.conda	00288f5e5e841711e8b8fef1f1242c858d8ef99ccbe5d7e0df4789d5d8d40645	1ff2e3ca41f0ce16afec7190db28288b
shapemapper_make	pango	1.50.14	hd33c08f_0	LGPL-2.1-or-later	https://conda.anaconda.org/conda-forge/linux-64/pango-1.50.14-hd33c08f_0.conda	80648fb4691839a81f83fe55f4353357d198cd75e61dbb61b815e39d577e87d2	a8b9e35dd7be2c945b0de4fe19a7c3a9
shapemapper_make	pcre2	10.40	hc3806b6_0	BSD-3-Clause	https://conda.anaconda.org/conda-forge/linux-64/pcre2-10.40-hc3806b6_0.tar.bz2	7a29ec847556eed4faa1646010baae371ced69059a4ade43851367a076d6108a	69e2c796349cd9b273890bee0febfe1b
shapemapper_make	perl	5.32.1	2_h7f98852_perl5	GPL-1.0-or-later OR Artistic-1.0-Perl	https://conda.anaconda.org/conda-forge/linux-64/perl-5.32.1-2_h7f98852_perl5.tar.bz2	a116c1d3c64a072280b441c43d893d341a1d37d16ec18afc76eee40299deabfa	09ba115862623f00962e9809ea248f1a
shapemapper_make	perl-threaded	5.32.1	hdfd78af_1	Perl	https://conda.anaconda.org/bioconda/noarch/perl-threaded-5.32.1-hdfd78af_1.tar.bz2	9bd22ce734711685b3ece4be2df6d754aa625cacce7f9c87486ce49ec53d4b5a	7ec21ca86ddac0449501c2463370b714
shapemapper_make	pillow	9.4.0	py39h2320bf1_1	LicenseRef-PIL	https://conda.anaconda.org/conda-forge/linux-64/pillow-9.4.0-py39h2320bf1_1.conda	77348588ae7cc8034b63e8a71b6695ba22761e1c531678e724cf06a12be3d1e2	d2f79132b9c8e416058a4cd84ef27b3d
shapemapper_make	pip	23.0.1	pyhd8ed1ab_0	MIT	https://conda.anaconda.org/conda-forge/noarch/pip-23.0.1-pyhd8ed1ab_0.conda	e1698cbf4964cd60a2885c0edbc654133cd0db5ac4cb568412250e577dbc42ad	8025ca83b8ba5430b640b83917c2a6f7
shapemapper_make	pixman	0.40.0	h36c2ea0_0	MIT	https://conda.anaconda.org/conda-forge/linux-64/pixman-0.40.0-h36c2ea0_0.tar.bz2	6a0630fff84b5a683af6185a6c67adc8bdfa2043047fcb251add0d352ef60e79	660e72c82f2e75a6b3fe6a6e75c79f19
shapemapper_make	ply	3.11	py_1	BSD 3-clause	https://conda.anaconda.org/conda-forge/noarch/ply-3.11-py_1.tar.bz2	2cd6fae8f9cbc806b7f828f006ae4a83c23fac917cacfd73c37ce322d4324e53	7205635cd71531943440fbfe3b6b5727
shapemapper_make	pthread-stubs	0.4	h36c2ea0_1001	MIT	https://conda.anaconda.org/conda-forge/linux-64/pthread-stubs-0.4-h36c2ea0_1001.tar.bz2	67c84822f87b641d89df09758da498b2d4558d47b920fd1d3fe6d3a871e000ff	22dad4df6e8630e8dff2428f6f6a7036
shapemapper_make	pulseaudio	16.1	ha8d29e2_1	LGPL-2.1-or-later	https://conda.anaconda.org/conda-forge/linux-64/pulseaudio-16.1-ha8d29e2_1.conda	aa2aa5b5e2430a3c3d8b24574e5e270c47026740cb706e9be31df81b0627afa6	dbfc2a8d63a43a11acf4c704e1ef9d0c
shapemapper_make	pyparsing	3.0.9	pyhd8ed1ab_0	MIT	https://conda.anaconda.org/conda-forge/noarch/pyparsing-3.0.9-pyhd8ed1ab_0.tar.bz2	4acc7151cef5920d130f2e0a7615559cce8bfb037aeecb14d4d359ae3d9bc51b	e8fbc1b54b25f4b08281467bc13b70cc
shapemapper_make	pyqt	5.15.7	py39h5c7b992_3	GPL-3.0-only	https://conda.anaconda.org/conda-forge/linux-64/pyqt-5.15.7-py39h5c7b992_3.conda	1dfa1bff6d1334682790063c889198671b477a95c71a3d73ff656b4d88ea542b	19e30314fe824605750da905febb8ee6
shapemapper_make	pyqt5-sip	12.11.0	py39h227be39_3	GPL-3.0-only	https://conda.anaconda.org/conda-forge/linux-64/pyqt5-sip-12.11.0-py39h227be39_3.conda	aff0befab89f536c4540dba017543d1616862b2d51350cb6d2875c294bd1b199	9e381db00691e26bcf670c3586397be1
shapemapper_make	python	3.9.12	h2660328_1_cpython	Python-2.0	https://conda.anaconda.org/conda-forge/linux-64/python-3.9.12-h2660328_1_cpython.tar.bz2	b6a81ac02df0fa274f86b99f6076d9322faa0b3e7d5eb66c735fd9e6b30f2770	ec06c83477a59cf285544b9a41927305
shapemapper_make	python-dateutil	2.8.2	pyhd8ed1ab_0	Apache-2.0	https://conda.anaconda.org/conda-forge/noarch/python-dateutil-2.8.2-pyhd8ed1ab_0.tar.bz2	54d7785c7678166aa45adeaccfc1d2b8c3c799ca2dc05d4a82bb39b1968bd7da	dd999d1cc9f79e67dbb855c8924c7984
shapemapper_make	python_abi	3.9	3_cp39	BSD-3-Clause	https://conda.anaconda.org/conda-forge/linux-64/python_abi-3.9-3_cp39.conda	89e8c4436dd04d8b4a0c13c508e930be56973a480a9714171969de953bdafd3a	0dd193187d54e585cac7eab942a8847e
shapemapper_make	qt-main	5.15.8	h5d23da1_6	LGPL-3.0-only	https://conda.anaconda.org/conda-forge/linux-64/qt-main-5.15.8-h5d23da1_6.conda	fd0b6b8365fd4d0e86476a3047ba6a281eea0bdfef770df83b897fd73e959dd9	59c73debd9405771690ddbbad6c57b69
shapemapper_make	readline	8.1.2	h0f457ee_0	GPL-3.0-only	https://conda.anaconda.org/conda-forge/linux-64/readline-8.1.2-h0f457ee_0.tar.bz2	f5f383193bdbe01c41cb0d6f99fec68e820875e842e6e8b392dbe1a9b6c43ed8	db2ebbe2943aae81ed051a6a9af8e0fa
shapemapper_make	rhash	1.4.3	h166bdaf_0	MIT	https://conda.anaconda.org/conda-forge/linux-64/rhash-1.4.3-h166bdaf_0.tar.bz2	3f7e1e46d0967f8d08026116aa84fda07bc93d11d44dc3c03a29ad9d3ffc63cc	0bcb0ab6faa796a22b40de3a41e3b2de
shapemapper_make	scikit-learn	1.1.2	py39he5e8d7e_0	BSD-3-Clause	https://conda.anaconda.org/conda-forge/linux-64/scikit-learn-1.1.2-py39he5e8d7e_0.tar.bz2	b9e2b4e7ac53aab5ca479d1bfe323fd6578e461824666546864efc41e1aa2d30	52c40321f32e147c5a692bcab1b20a0b
shapemapper_make	scipy	1.9.1	py39h8ba3f38_0	BSD-3-Clause	https://conda.anaconda.org/conda-forge/linux-64/scipy-1.9.1-py39h8ba3f38_0.tar.bz2	b6625b98de2831ed7e8b6f4d4a889444b0eb1926c9fed079fff65db9bdc91e44	beed054d4979cd70690aea2b257a6d55
shapemapper_make	setuptools	67.6.0	pyhd8ed1ab_0	MIT	https://conda.anaconda.org/conda-forge/noarch/setuptools-67.6.0-pyhd8ed1ab_0.conda	a5c48b1fc7c89c5c937475e9434a63af7ce2e591f8e51afd56e3b2e232a9989d	e18ed61c37145bb9b48d1d98801960f7
shapemapper_make	sip	6.7.7	py39h227be39_0	GPL-3.0-only	https://conda.anaconda.org/conda-forge/linux-64/sip-6.7.7-py39h227be39_0.conda	cbd7ddbe101dfe7d7241c5334e08c56fd9000400a099a2144ba95f63f90b9b45	7d9a35091552af3655151f164ddd64a3
shapemapper_make	six	1.16.0	pyh6c4a22f_0	MIT	https://conda.anaconda.org/conda-forge/noarch/six-1.16.0-pyh6c4a22f_0.tar.bz2	a85c38227b446f42c5b90d9b642f2c0567880c15d72492d8da074a59c8f91dd6	e5f25f8dbc060e9a8d912e432202afc2
shapemapper_make	sqlite	3.40.0	h4ff8645_0	Unlicense	https://conda.anaconda.org/conda-forge/linux-64/sqlite-3.40.0-h4ff8645_0.tar.bz2	baf0e77938e5215653aa6609ff154cb94aeb0a08083ff8dec2d3ba8dd62263e9	bb11803129cbbb53ed56f9506ff74145
shapemapper_make	star	2.5.2a	0	GPLv3	https://conda.anaconda.org/bioconda/linux-64/star-2.5.2a-0.tar.bz2	7af6e4aa48ade269e4e9435da02ce01dae45c8072af8a0045fde131d5f6c3da2	38605f26c473de9fd442ab177f774a0c
shapemapper_make	sysroot_linux-64	2.12	he073ed8_15	LGPL-2.0-or-later AND LGPL-2.0-or-later WITH exceptions AND GPL-2.0-or-later AND MPL-2.0	https://conda.anaconda.org/conda-forge/noarch/sysroot_linux-64-2.12-he073ed8_15.tar.bz2	8498c73b60a7ea6faedf36204ec5a339c78d430fa838860f2b9d5d3a1c354eff	66c192522eacf5bb763568b4e415d133
shapemapper_make	threadpoolctl	3.1.0	pyh8a188c0_0	BSD-3-Clause	https://conda.anaconda.org/conda-forge/noarch/threadpoolctl-3.1.0-pyh8a188c0_0.tar.bz2	c7a964811ba49c545236f7d6c2486b2ed493931660048a06fe94ecc851dd0b82	a2995ee828f65687ac5b1e71a2ab1e0c
shapemapper_make	tk	8.6.12	h27826a3_0	TCL	https://conda.anaconda.org/conda-forge/linux-64/tk-8.6.12-h27826a3_0.tar.bz2	032fd769aad9d4cad40ba261ab222675acb7ec951a8832455fce18ef33fa8df0	5b8c42eb62e9fc961af70bdd6a26e168
shapemapper_make	toml	0.10.2	pyhd8ed1ab_0	MIT	https://conda.anaconda.org/conda-forge/noarch/toml-0.10.2-pyhd8ed1ab_0.tar.bz2	f0f3d697349d6580e4c2f35ba9ce05c65dc34f9f049e85e45da03800b46139c1	f832c45a477c78bebd107098db465095
shapemapper_make	tornado	6.2	py39hb9d737c_1	Apache-2.0	https://conda.anaconda.org/conda-forge/linux-64/tornado-6.2-py39hb9d737c_1.tar.bz2	67c3eef0531caf75a81945844288f363cd3b7b029829bd91ed0994bf6b231f34	8a7d309b08cff6386fe384aa10dd3748
shapemapper_make	tzdata	2022g	h191b570_0	LicenseRef-Public-Domain	https://conda.anaconda.org/conda-forge/noarch/tzdata-2022g-h191b570_0.conda	0bfae0b9962bc0dbf79048f9175b913ed4f53c4310d06708dc7acbb290ad82f6	51fc4fcfb19f5d95ffc8c339db5068e8
shapemapper_make	unicodedata2	15.0.0	py39hb9d737c_0	Apache-2.0	https://conda.anaconda.org/conda-forge/linux-64/unicodedata2-15.0.0-py39hb9d737c_0.tar.bz2	03c2cf05d1f4f2b01fc1e3ced22d5f331f2f233e335c4a4cd11a31fea1fccc0c	230d65004135bf312504a1bbcb0c7a08
shapemapper_make	wheel	0.38.4	pyhd8ed1ab_0	MIT	https://conda.anaconda.org/conda-forge/noarch/wheel-0.38.4-pyhd8ed1ab_0.tar.bz2	bd4f11ff075ff251ade9f57686f31473e25be46ab282d9603f551401250f9f44	c829cfb8cb826acb9de0ac1a2df0a940
shapemapper_make	xcb-util	0.4.0	h166bdaf_0	MIT	https://conda.anaconda.org/conda-forge/linux-64/xcb-util-0.4.0-h166bdaf_0.tar.bz2	292dee40f8390aea0e6a0abbf2f255f179c777326831ed9e1ad7db53665c8562	384e7fcb3cd162ba3e4aed4b687df566
shapemapper_make	xcb-util-image	0.4.0	h166bdaf_0	MIT	https://conda.anaconda.org/conda-forge/linux-64/xcb-util-image-0.4.0-h166bdaf_0.tar.bz2	6db358d4afa0eb1225e24871f6c64c1b6c433f203babdd43508b0d61252467d1	c9b568bd804cb2903c6be6f5f68182e4
shapemapper_make	xcb-util-keysyms	0.4.0	h166bdaf_0	MIT	https://conda.anaconda.org/conda-forge/linux-64/xcb-util-keysyms-0.4.0-h166bdaf_0.tar.bz2	6a2c0f38b360a2fda57b2349d2cbeeb7583576a4914a3e4ce17977601ac87613	637054603bb7594302e3bf83f0a99879
shapemapper_make	xcb-util-renderutil	0.3.9	h166bdaf_0	MIT	https://conda.anaconda.org/conda-forge/linux-64/xcb-util-renderutil-0.3.9-h166bdaf_0.tar.bz2	19d27b7af8fb8047e044de2b87244337343c51fe7caa0fbaa9c53c2215787188	732e22f1741bccea861f5668cf7342a7
shapemapper_make	xcb-util-wm	0.4.1	h166bdaf_0	MIT	https://conda.anaconda.org/conda-forge/linux-64/xcb-util-wm-0.4.1-h166bdaf_0.tar.bz2	a76af35297f233982b58de1f55f1900d8a8ae44018a55d2a94f3084ab97d6c80	0a8e20a8aef954390b9481a527421a8c
shapemapper_make	xkeyboard-config	2.38	h0b41bf4_0	MIT	https://conda.anaconda.org/conda-forge/linux-64/xkeyboard-config-2.38-h0b41bf4_0.conda	0518e65929deded6afc5f91f31febb15e8c93f7ee599a18b787f9fab3f79cfd6	9ac34337e5101a87e5d91da05d84aa48
shapemapper_make	xorg-kbproto	1.0.7	h7f98852_1002	MIT	https://conda.anaconda.org/conda-forge/linux-64/xorg-kbproto-1.0.7-h7f98852_1002.tar.bz2	e90b0a6a5d41776f11add74aa030f789faf4efd3875c31964d6f9cfa63a10dd1	4b230e8381279d76131116660f5a241a
shapemapper_make	xorg-libice	1.0.10	h7f98852_0	MIT	https://conda.anaconda.org/conda-forge/linux-64/xorg-libice-1.0.10-h7f98852_0.tar.bz2	f15ce1dff16823888bcc2be1738aadcb36699be1e2dd2afa347794c7ec6c1587	d6b0b50b49eccfe0be0373be628be0f3
shapemapper_make	xorg-libsm	1.2.3	hd9c2040_1000	MIT	https://conda.anaconda.org/conda-forge/linux-64/xorg-libsm-1.2.3-hd9c2040_1000.tar.bz2	bdb350539521ddc1f30cc721b6604eced8ef72a0ec146e378bfe89e2be17ab35	9e856f78d5c80d5a78f61e72d1d473a3
shapemapper_make	xorg-libx11	1.8.4	h0b41bf4_0	MIT	https://conda.anaconda.org/conda-forge/linux-64/xorg-libx11-1.8.4-h0b41bf4_0.conda	3c6862a01a39cdea3870b132706ad7256824299947a3a94ae361d863d402d704	ea8fbfeb976ac49cbeb594e985393514
shapemapper_make	xorg-libxau	1.0.9	h7f98852_0	MIT	https://conda.anaconda.org/conda-forge/linux-64/xorg-libxau-1.0.9-h7f98852_0.tar.bz2	9e9b70c24527289ac7ae31925d1eb3b0c1e9a78cb7b8f58a3110cc8bbfe51c26	bf6f803a544f26ebbdc3bfff272eb179
shapemapper_make	xorg-libxdmcp	1.1.3	h7f98852_0	MIT	https://conda.anaconda.org/conda-forge/linux-64/xorg-libxdmcp-1.1.3-h7f98852_0.tar.bz2	4df7c5ee11b8686d3453e7f3f4aa20ceef441262b49860733066c52cfd0e4a77	be93aabceefa2fac576e971aef407908
shapemapper_make	xorg-libxext	1.3.4	h0b41bf4_2	MIT	https://conda.anaconda.org/conda-forge/linux-64/xorg-libxext-1.3.4-h0b41bf4_2.conda	73e5cfbdff41ef8a844441f884412aa5a585a0f0632ec901da035a03e1fe1249	82b6df12252e6f32402b96dacc656fec
shapemapper_make	xorg-libxrender	0.9.10	h7f98852_1003	MIT	https://conda.anaconda.org/conda-forge/linux-64/xorg-libxrender-0.9.10-h7f98852_1003.tar.bz2	7d907ed9e2ec5af5d7498fb3ab744accc298914ae31497ab6dcc6ef8bd134d00	f59c1242cc1dd93e72c2ee2b360979eb
shapemapper_make	xorg-renderproto	0.11.1	h7f98852_1002	MIT	https://conda.anaconda.org/conda-forge/linux-64/xorg-renderproto-0.11.1-h7f98852_1002.tar.bz2	38942930f233d1898594dd9edf4b0c0786f3dbc12065a0c308634c37fd936034	06feff3d2634e3097ce2fe681474b534
shapemapper_make	xorg-xextproto	7.3.0	h0b41bf4_1003	MIT	https://conda.anaconda.org/conda-forge/linux-64/xorg-xextproto-7.3.0-h0b41bf4_1003.conda	b8dda3b560e8a7830fe23be1c58cc41f407b2e20ae2f3b6901eb5842ba62b743	bce9f945da8ad2ae9b1d7165a64d0f87
shapemapper_make	xorg-xproto	7.0.31	h7f98852_1007	MIT	https://conda.anaconda.org/conda-forge/linux-64/xorg-xproto-7.0.31-h7f98852_1007.tar.bz2	f197bb742a17c78234c24605ad1fe2d88b1d25f332b75d73e5ba8cf8fbc2a10d	b4a4381d54784606820704f7b5f05a15
shapemapper_make	xz	5.2.6	h166bdaf_0	LGPL-2.1 and GPL-2.0	https://conda.anaconda.org/conda-forge/linux-64/xz-5.2.6-h166bdaf_0.tar.bz2	03a6d28ded42af8a347345f82f3eebdd6807a08526d47899a42d62d319609162	2161070d867d1b1204ea749c8eec4ef0
shapemapper_make	zlib	1.2.13	h166bdaf_4	Zlib	https://conda.anaconda.org/conda-forge/linux-64/zlib-1.2.13-h166bdaf_4.tar.bz2	282ce274ebe6da1fbd52efbb61bd5a93dec0365b14d64566e6819d1691b75300	4b11e365c0275b808be78b30f904e295
shapemapper_make	zstd	1.5.2	h3eb15da_6	BSD-3-Clause	https://conda.anaconda.org/conda-forge/linux-64/zstd-1.5.2-h3eb15da_6.conda	fbe49a8c8df83c2eccb37c5863ad98baeb29796ec96f2c503783d7b89bf80c98	6b63daed8feeca47be78f323e793d555
